{
  "Workflows": [
    {
      "Path": null,
      "SortBy": 0,
      "VariablesSectionElementsOrder": [],
      "ArgumentsSectionElementsOrder": null,
      "ConstantsSectionElementsOrder": [],
      "AddedNamespaces": null
    },
    {
      "Path": "Main.xaml",
      "SortBy": 0,
      "VariablesSectionElementsOrder": [
        "ArrFiles&Sequence_1",
        "VarNovELC&Sequence_1",
        "VarDecBLC&Sequence_1",
        "VarOctELC&Sequence_1",
        "VarNovBLC&Sequence_1",
        "VarOctBLC&Sequence_1",
        "VarQTD&Sequence_1",
        "IntArrCount&Sequence_1",
        "VarOctLA&Sequence_1",
        "VarNovLA&Sequence_1",
        "VarLaQtd&Sequence_1",
        "StrArrMonths&Sequence_1",
        "VarDecLA&Sequence_1",
        "DtOutput&Sequence_1",
        "IntTotal&Sequence_1"
      ],
      "ArgumentsSectionElementsOrder": [],
      "ConstantsSectionElementsOrder": [],
      "AddedNamespaces": null
    }
  ]
}